{
  "train_loss": [
    0.5121968327424465,
    0.5065653381439356,
    0.5110256127440013,
    0.5014302967450558,
    0.5064064982609872,
    0.510889396453515,
    0.5039245759447416,
    0.4944629571758784,
    0.4954025199015935,
    0.5061127906426405,
    0.5006714958028916,
    0.49963768189534163,
    0.5046520269451997,
    0.49759245014343506,
    0.49279074237132686,
    0.4998243172199298,
    0.5010307030035899,
    0.5008991037805876,
    0.5054054953731023,
    0.4984887643502309
  ],
  "val_loss": [
    0.49647186875343324,
    0.49644462049007415,
    0.4982679128646851,
    0.49884502708911893,
    0.4992248284816742,
    0.49915133237838744,
    0.4996360450983047,
    0.4991235518455505,
    0.49940037846565244,
    0.4995078194141388,
    0.49931977450847626,
    0.4996106958389282,
    0.49919495582580564,
    0.4995124560594559,
    0.49947825908660887,
    0.49979155004024506,
    0.49981948554515837,
    0.4999128669500351,
    0.4999390625953674,
    0.49994118988513947
  ],
  "train_pos_dist": [
    0.0029583333525806665,
    0.00748262507840991,
    0.004934712313115597,
    0.0034660750534385443,
    0.002165667014196515,
    0.001990972086787224,
    0.0014759504701942205,
    0.0013946227263659239,
    0.002100636949762702,
    0.001086067990399897,
    0.0012140768812969327,
    0.0010098969796672463,
    0.000854594400152564,
    0.0005765756941400468,
    0.0008843423565849662,
    0.0005798899219371378,
    0.00030648763640783727,
    0.00026237586280331016,
    0.0001586604048497975,
    0.00013874901924282312
  ],
  "train_neg_dist": [
    0.004681251011788845,
    0.011203060857951641,
    0.007879093289375305,
    0.005319020710885525,
    0.003165752161294222,
    0.0029868322890251875,
    0.0022799097932875156,
    0.0022453635465353727,
    0.003345461329445243,
    0.001711456454358995,
    0.0020377112086862326,
    0.0016544300597161055,
    0.0013908704277127981,
    0.0009287831489928067,
    0.0014383405214175582,
    0.0010097154881805182,
    0.0004926785477437079,
    0.0004370407550595701,
    0.00025301871937699616,
    0.0002235856227343902
  ],
  "val_pos_dist": [
    0.006094905082136393,
    0.0077440617606043816,
    0.0042672245763242245,
    0.0030054906383156776,
    0.001645072246901691,
    0.001714003854431212,
    0.000836057763081044,
    0.001753211603499949,
    0.0012016078690066934,
    0.0009517224971204996,
    0.001154672005213797,
    0.0007233794895000756,
    0.0014043464325368404,
    0.0009877643315121531,
    0.0006864043534733355,
    0.00036700349301099777,
    0.00035171795752830803,
    0.00016090637654997408,
    0.00010669326729839668,
    0.0001054056192515418
  ],
  "val_neg_dist": [
    0.009623037651181221,
    0.011299445293843746,
    0.00599931413307786,
    0.004160462412983179,
    0.0024202431086450815,
    0.0025626716669648886,
    0.0012000127462670207,
    0.0026296614669263363,
    0.0018012295477092266,
    0.0014439021470025182,
    0.0018348954617977142,
    0.0011126853059977293,
    0.0022093914449214935,
    0.0014753052964806557,
    0.0012081463355571032,
    0.0005754547310061753,
    0.0005322304205037653,
    0.00024803972337394953,
    0.00016763540043029934,
    0.00016421925101894885
  ]
}