{
  "loss": [
    0.5344055989583333,
    0.3296409505208333,
    0.275547607421875,
    0.22928621419270834,
    0.183356689453125,
    0.16954142252604168,
    0.15249088541666667,
    0.137559814453125,
    0.12205696614583333,
    0.11555452473958333,
    0.09909130859375,
    0.091296875,
    0.087859375,
    0.07992301432291667,
    0.07459724934895834,
    0.07514339192708333,
    0.06866455078125,
    0.070987548828125,
    0.06561376953125,
    0.061255126953125,
    0.06029866536458333,
    0.05830387369791667,
    0.059480305989583336,
    0.05641446940104167,
    0.05231770833333333,
    0.05129500325520833,
    0.05454313151041667,
    0.05144197591145833,
    0.05076896158854167,
    0.04349983723958333
  ],
  "pos_dist": [
    0.4876970946788788,
    0.3030793070793152,
    0.2703729569911957,
    0.2527698576450348,
    0.24713556468486786,
    0.24710135161876678,
    0.25461095571517944,
    0.24689729511737823,
    0.2440686821937561,
    0.23624029755592346,
    0.23476310074329376,
    0.2244827002286911,
    0.22300012409687042,
    0.21741613745689392,
    0.2174452245235443,
    0.21519635617733002,
    0.20864489674568176,
    0.21228405833244324,
    0.20644477009773254,
    0.2013583928346634,
    0.20159199833869934,
    0.2050306797027588,
    0.2065543681383133,
    0.19832192361354828,
    0.19706964492797852,
    0.1979060024023056,
    0.1974421590566635,
    0.19814953207969666,
    0.19949345290660858,
    0.1893211305141449
  ],
  "neg_dist": [
    1.286631464958191,
    1.3917689323425293,
    1.4481884241104126,
    1.5098087787628174,
    1.5899674892425537,
    1.61284601688385,
    1.6531015634536743,
    1.6784192323684692,
    1.7060439586639404,
    1.7161098718643188,
    1.7431461811065674,
    1.7559983730316162,
    1.7658100128173828,
    1.78377103805542,
    1.7919541597366333,
    1.7913668155670166,
    1.7974618673324585,
    1.8109054565429688,
    1.812431812286377,
    1.811503291130066,
    1.8190464973449707,
    1.8275960683822632,
    1.826161503791809,
    1.8204623460769653,
    1.8361620903015137,
    1.835892915725708,
    1.8369159698486328,
    1.8404829502105713,
    1.8387054204940796,
    1.8496472835540771
  ],
  "margin": [
    0.7989343702793121,
    1.0886896252632141,
    1.177815467119217,
    1.2570389211177826,
    1.3428319245576859,
    1.3657446652650833,
    1.3984906077384949,
    1.431521937251091,
    1.4619752764701843,
    1.4798695743083954,
    1.5083830803632736,
    1.531515672802925,
    1.5428098887205124,
    1.566354900598526,
    1.574508935213089,
    1.5761704593896866,
    1.5888169705867767,
    1.5986213982105255,
    1.6059870421886444,
    1.6101448982954025,
    1.6174544990062714,
    1.6225653886795044,
    1.6196071356534958,
    1.622140422463417,
    1.6390924453735352,
    1.6379869133234024,
    1.6394738107919693,
    1.6423334181308746,
    1.639211967587471,
    1.6603261530399323
  ]
}